6; 6; ccorfmat; Corfmat; Chloé; Student; 5556; ccorfmat@enssat.fr
7; 7; evincent; Vincent; Eliott; Student; 5557; evincent@enssat.fr
8; 8; mbequet--garcia; Béquet--Garcia; Mathias; Student; 5558; mbequet@enssat.fr
9; 9; sbonnaud; Bonnaud; Simon; Student; 5559; sbonnaud@enssat.fr
10; 10; bbruhat; Bruhat; Basile; Student; 55510; bbruhat@enssat.fr
11; 11; ccroislebois; Croislebois; Clément; Student; 55511; ccroislebois@enssat.fr